{
  "cases": {
    "difficult": {
      "mode": "low_prior_stress",
      "npe": {
        "posterior_samples": 80000,
        "to_posterior_reference": {
          "mean_normalized_wasserstein": 0.05994996841024458,
          "parameters": {
            "log_amplitude_ratio": {
              "normalized_wasserstein": 0.09094595414052536,
              "reference_sd": 0.650258672389726,
              "wasserstein": 0.05913839539863493
            },
            "log_amplitude_sum": {
              "normalized_wasserstein": 0.044048366052730506,
              "reference_sd": 0.016081805165046557,
              "wasserstein": 0.0007083772406986629
            },
            "log_delta_k": {
              "normalized_wasserstein": 0.04861920783424414,
              "reference_sd": 0.5317060012025773,
              "wasserstein": 0.02585112457918297
            },
            "log_k1": {
              "normalized_wasserstein": 0.09722588285609854,
              "reference_sd": 0.0898830438928603,
              "wasserstein": 0.008738958296276798
            },
            "log_sigma": {
              "normalized_wasserstein": 0.018910431167624354,
              "reference_sd": 0.10329889711944759,
              "wasserstein": 0.0019534266836688232
            }
          }
        }
      },
      "npe_nll": 0.19816395851287116,
      "outputs": {
        "figure": "runs/00_shared_assets/readme_two_exp_posteriors/two_exp_best_nll_difficult_posterior_corner.png"
      },
      "paired_gap": 3.0031991205625905,
      "posterior_reference": {
        "acceptance_rate": 0.17188359375,
        "burn_in": 60000,
        "chains": 16,
        "diagnostics": {
          "log_amplitude_ratio": {
            "ess_bulk": 593.9948924006145,
            "ess_tail": 1203.4581383848974,
            "rhat": 1.02914617106625
          },
          "log_amplitude_sum": {
            "ess_bulk": 3650.0598043825203,
            "ess_tail": 12942.50609786901,
            "rhat": 1.0049454611720277
          },
          "log_delta_k": {
            "ess_bulk": 364.58387588767005,
            "ess_tail": 1501.4768613958345,
            "rhat": 1.0400855497220722
          },
          "log_k1": {
            "ess_bulk": 839.3106591965836,
            "ess_tail": 1556.2196630590813,
            "rhat": 1.0211205958329606
          },
          "log_sigma": {
            "ess_bulk": 9960.940896100705,
            "ess_tail": 21536.894809958147,
            "rhat": 1.0017793743161099
          }
        },
        "kind": "mcmc",
        "max_rhat": 1.0400855497220722,
        "min_bulk_ess": 364.58387588767005,
        "min_tail_ess": 1203.4581383848974,
        "posterior_samples": 2880000,
        "seconds": 9.483703709003748,
        "steps": 240000
      },
      "reference_nll": -2.8050351620497196,
      "source": {
        "log_prior_density_delta_vs_mean": -9.124999999999998,
        "noise_seed": 2026070203,
        "prior_mahalanobis": 4.272001872658765,
        "standardized_prior_offset": [
          2.0,
          -2.0,
          2.0,
          -2.0,
          1.5
        ]
      },
      "x_context": [
        2.1154913902282715,
        -2.1202635765075684,
        1.7295241355895996,
        -1.0075629949569702,
        -0.8606064319610596,
        13.726974487304688,
        13.293219566345215,
        13.222960472106934,
        13.503058433532715,
        12.007861137390137,
        12.817656517028809,
        10.457473754882812,
        11.244502067565918,
        10.801458358764648,
        11.669109344482422,
        10.56371021270752,
        10.511487007141113,
        10.012102127075195,
        9.164017677307129,
        9.435437202453613,
        9.560901641845703,
        8.5593900680542,
        9.220975875854492,
        7.881853103637695,
        7.809878826141357,
        7.9124908447265625,
        8.17459774017334,
        7.712855815887451,
        8.15011978149414,
        6.848385810852051,
        6.912448406219482,
        6.984039783477783,
        7.162187576293945,
        6.522725582122803,
        6.786009311676025,
        6.165823936462402,
        5.795212745666504,
        5.84683084487915,
        6.023338794708252,
        5.6297221183776855,
        5.329244613647461,
        6.063565731048584,
        5.395744800567627,
        6.00608491897583,
        5.535084247589111,
        4.686795711517334,
        5.003442764282227,
        4.565616607666016,
        4.939414978027344,
        4.401595592498779
      ],
      "x_raw": [
        13.726974487304688,
        13.293219566345215,
        13.222960472106934,
        13.503058433532715,
        12.007861137390137,
        12.817656517028809,
        10.457473754882812,
        11.244502067565918,
        10.801458358764648,
        11.669109344482422,
        10.56371021270752,
        10.511487007141113,
        10.012102127075195,
        9.164017677307129,
        9.435437202453613,
        9.560901641845703,
        8.5593900680542,
        9.220975875854492,
        7.881853103637695,
        7.809878826141357,
        7.9124908447265625,
        8.17459774017334,
        7.712855815887451,
        8.15011978149414,
        6.848385810852051,
        6.912448406219482,
        6.984039783477783,
        7.162187576293945,
        6.522725582122803,
        6.786009311676025,
        6.165823936462402,
        5.795212745666504,
        5.84683084487915,
        6.023338794708252,
        5.6297221183776855,
        5.329244613647461,
        6.063565731048584,
        5.395744800567627,
        6.00608491897583,
        5.535084247589111,
        4.686795711517334,
        5.003442764282227,
        4.565616607666016,
        4.939414978027344,
        4.401595592498779
      ],
      "z_raw": [
        2.116290807723999,
        -2.149822235107422,
        1.636472225189209,
        -1.4876821041107178,
        -0.7112943530082703
      ],
      "z_target": [
        2.5980350971221924,
        0.47981858253479004,
        -2.149822235107422,
        -1.4876821041107178,
        -0.7112943530082703
      ]
    },
    "easy": {
      "mode": "prior_predictive",
      "npe": {
        "posterior_samples": 80000,
        "to_posterior_reference": {
          "mean_normalized_wasserstein": 0.0416710190925089,
          "parameters": {
            "log_amplitude_ratio": {
              "normalized_wasserstein": 0.047456282605006166,
              "reference_sd": 0.792266214790268,
              "wasserstein": 0.037598009387485476
            },
            "log_amplitude_sum": {
              "normalized_wasserstein": 0.027726209366388064,
              "reference_sd": 0.03413656840285425,
              "wasserstein": 0.0009464776425875644
            },
            "log_delta_k": {
              "normalized_wasserstein": 0.07518192066118723,
              "reference_sd": 0.38183355299923355,
              "wasserstein": 0.028706979887367604
            },
            "log_k1": {
              "normalized_wasserstein": 0.048618617514157,
              "reference_sd": 0.20998784873933385,
              "wasserstein": 0.010209318900478328
            },
            "log_sigma": {
              "normalized_wasserstein": 0.00937206531580603,
              "reference_sd": 0.10693476604295452,
              "wasserstein": 0.0010021996118850065
            }
          }
        }
      },
      "npe_nll": -2.625817544484126,
      "outputs": {
        "figure": "runs/00_shared_assets/readme_two_exp_posteriors/two_exp_best_nll_easy_posterior_corner.png"
      },
      "paired_gap": -0.44953979625948115,
      "posterior_reference": {
        "acceptance_rate": 0.4617760416666667,
        "burn_in": 60000,
        "chains": 16,
        "diagnostics": {
          "log_amplitude_ratio": {
            "ess_bulk": 1424.7353508905635,
            "ess_tail": 2494.188282905488,
            "rhat": 1.0172352380977836
          },