{
  "local_region": {
    "label": "local_region",
    "mode": "local",
    "draw_id": "c06a1971bab54ec582f99cb2964e0076",
    "inside_local_region": true,
    "local_distance": 0.14346920947727632,
    "local_radius": 0.1458919877944998,
    "true_theta": {
      "A": 4.995427596915801,
      "k": 0.5649508930844882,
      "sigma": 0.3377316973445286
    },
    "selected_npe_model_ids": [
      "broad_fresh_e15_ensemble4",
      "broad_weighted_checkpoint_pool"
    ],
    "selected_npe_models": [
      {
        "id": "broad_fresh_e15_ensemble4",
        "label": "4x flow2 randperm residual NSF, raw-decay-fit, 2.048M x e15",
        "plot_label": "4x flow2 randperm NSF e15",
        "full_val_nll_z_units": -3.6306901328125,
        "training_seconds": 246.0
      },
      {
        "id": "broad_weighted_checkpoint_pool",
        "label": "16x convex-weighted saved NPE pool, mixed broad NSF checkpoints",
        "plot_label": "16x convex-weighted NPE pool",
        "full_val_nll_z_units": -3.63128073481036,
        "training_seconds": 73.63113179197535
      }
    ],
    "posterior_samples": 7000,
    "grid_metadata": {
      "grid_size": 60,
      "grid_points": 216000,
      "deterministic": true,
      "grid_expansions": 0,
      "max_edge_mass": 4.84257827663595e-08,
      "elapsed_seconds": 0.10746937489602715
    },
    "mcmc_metadata": {
      "chains": 8,
      "steps": 24000,
      "burn_in": 6000,
      "proposal_scale": [
        0.03,
        0.03,
        0.04
      ],
      "seed": 983764755,
      "device": "cpu",
      "dtype": "float64",
      "runtime_seconds": 0.9226795000722632,
      "elapsed_seconds": 1.08143087499775,
      "draws_after_burn_in": 144000,
      "acceptance_rate": 0.617171875,
      "diagnostics": {
        "A": {
          "rhat": 1.0021714254416605,
          "ess_bulk": 4040.0523606167544,
          "ess_tail": 7623.992975713583
        },
        "k": {
          "rhat": 1.0028577975372615,
          "ess_bulk": 3143.9250191457486,
          "ess_tail": 5808.45022444745
        },
        "sigma": {
          "rhat": 1.0023465683345107,
          "ess_bulk": 2570.552425526046,
          "ess_tail": 4786.118456820534
        }
      },
      "convergence_flags": {
        "all_rhat_below_1_01": true,
        "all_bulk_ess_above_400": true,
        "all_tail_ess_above_400": true
      },
      "convergence_ok": true
    },
    "npe_grid_metrics": {
      "broad_fresh_e15_ensemble4": {
        "A": {
          "wasserstein_to_grid": 0.014252891323026365,
          "wasserstein_to_grid_in_ref_sd": 0.06490438103414381,
          "median_error": -0.018215140034048893,
          "q05_error": -0.010644593139072178,
          "q95_error": 0.018282989854459863
        },
        "k": {
          "wasserstein_to_grid": 0.0021093596044467868,
          "wasserstein_to_grid_in_ref_sd": 0.05819553132725581,
          "median_error": -0.0012168639830097971,
          "q05_error": 0.002487665273188666,
          "q95_error": 0.003193964016457884
        },
        "sigma": {
          "wasserstein_to_grid": 0.0026491216265858942,
          "wasserstein_to_grid_in_ref_sd": 0.05594789855522985,
          "median_error": -0.00041273115419510065,
          "q05_error": -0.001934778029159756,
          "q95_error": 0.001322811229851284
        },
        "mean_normalized_wasserstein": {
          "value": 0.05968260363887649
        }
      },
      "broad_weighted_checkpoint_pool": {
        "A": {
          "wasserstein_to_grid": 0.014860443004698624,
          "wasserstein_to_grid_in_ref_sd": 0.06767103131944315,
          "median_error": -0.006050937230832609,
          "q05_error": 0.0023184335167387715,
          "q95_error": 0.02900379890289173
        },
        "k": {
          "wasserstein_to_grid": 0.002264570585613153,
          "wasserstein_to_grid_in_ref_sd": 0.0624776771964379,
          "median_error": 0.0010512633774228952,
          "q05_error": 0.005388329910675116,
          "q95_error": 0.0030300240362163278
        },
        "sigma": {
          "wasserstein_to_grid": 0.002817248968509772,
          "wasserstein_to_grid_in_ref_sd": 0.059498649632839,
          "median_error": -0.002584983815612618,
          "q05_error": -0.0026795762187782346,
          "q95_error": -0.001761325194054919
        },
        "mean_normalized_wasserstein": {
          "value": 0.06321578604957336
        }
      }
    },
    "mcmc_grid_metrics": {
      "A": {
        "wasserstein_to_grid": 0.013755391576368306,
        "wasserstein_to_grid_in_ref_sd": 0.06263888188806399,
        "median_error": -0.017215600620501093,
        "q05_error": -0.013458343879301005,
        "q95_error": 0.012154969599166066
      },
      "k": {
        "wasserstein_to_grid": 0.0021279232391315153,
        "wasserstein_to_grid_in_ref_sd": 0.058707687045780714,
        "median_error": -0.0016755767852435488,
        "q05_error": 0.0024898698455208534,
        "q95_error": 0.0022916078722617916
      },
      "sigma": {
        "wasserstein_to_grid": 0.0027485626564731796,
        "wasserstein_to_grid_in_ref_sd": 0.05804803491610035,
        "median_error": -0.0017301026987617263,
        "q05_error": -0.004190182771444229,
        "q95_error": -0.0024376285864115554
      },
      "mean_normalized_wasserstein": {
        "value": 0.05979820128331501
      }
    },
    "corner_path": "runs/00_shared_assets/readme_decay_posteriors/decay_local_region_posterior_corner.png",
    "signal_path": "runs/00_shared_assets/readme_decay_posteriors/decay_local_region_posterior_signal.png"
  },
  "away_from_x0": {
    "label": "away_from_x0",
    "mode": "prior",
    "draw_id": "31f5c1dd3eba444889a578820af893bb",
    "inside_local_region": false,
    "local_distance": 0.988593670304066,
    "local_radius": 0.1458919877944998,
    "true_theta": {
      "A": 22.97590930338275,
      "k": 0.5611873080510462,
      "sigma": 0.7490996294234377
    },
    "selected_npe_model_ids": [
      "broad_fresh_e15_ensemble4",
      "broad_weighted_checkpoint_pool"
    ],
    "selected_npe_models": [
      {
        "id": "broad_fresh_e15_ensemble4",
        "label": "4x flow2 randperm residual NSF, raw-decay-fit, 2.048M x e15",
        "plot_label": "4x flow2 randperm NSF e15",
        "full_val_nll_z_units": -3.6306901328125,
        "training_seconds": 246.0
      },
      {
        "id": "broad_weighted_checkpoint_pool",
        "label": "16x convex-weighted saved NPE pool, mixed broad NSF checkpoints",
        "plot_label": "16x convex-weighted NPE pool",
        "full_val_nll_z_units": -3.63128073481036,
        "training_seconds": 73.63113179197535
      }
    ],
    "posterior_samples": 7000,
    "grid_metadata": {
      "grid_size": 60,
      "grid_points": 216000,
      "deterministic": true,
      "grid_expansions": 0,
      "max_edge_mass": 6.409134363073702e-08,
      "elapsed_seconds": 0.07281379192136228
    },
    "mcmc_metadata": {
      "chains": 8,
      "steps": 24000,
      "burn_in": 6000,
      "proposal_scale": [
        0.03,
        0.03,
        0.04
      ],
      "seed": 1431054701,
      "device": "cpu",
      "dtype": "float64",
      "runtime_seconds": 0.9440917079336941,
      "elapsed_seconds": 1.0698034159140661,
      "draws_after_burn_in": 144000,
      "acceptance_rate": 0.30135416666666665,
      "diagnostics": {
        "A": {
          "rhat": 1.0005447587531509,
          "ess_bulk": 12300.936635145485,
          "ess_tail": 16828.07066794572
        },
        "k": {
          "rhat": 1.000822354737386,
          "ess_bulk": 10210.513117513923,
          "ess_tail": 13825.807254472376
        },
        "sigma": {
          "rhat": 1.0040554867520533,
          "ess_bulk": 1040.8588736345657,
          "ess_tail": 2554.125394349477
        }
      },
      "convergence_flags": {
        "all_rhat_below_1_01": true,
        "all_bulk_ess_above_400": true,
        "all_tail_ess_above_400": true
      },