{
  "description": "Fresh full-prior Banana posterior check for the population-trained Flow2 residual NSF ensemble. The comparison is in raw theta coordinates.",
  "exact": {
    "posterior_samples": 80000
  },
  "grid": {
    "edge_mass": 6.074837102243928e-16,
    "grid_limit": 4.0,
    "grid_size": 1001
  },
  "mcmc": {
    "acceptance_rate": 0.41190625,
    "burn_in": 3000,
    "chains": 8,
    "posterior_samples": 72000,
    "seconds": 0.6124831669731066,
    "steps": 12000,
    "to_exact": {
      "mean_normalized_wasserstein": 0.011881602664261335,
      "parameters": {
        "theta1": {
          "normalized_wasserstein": 0.011972846011461317,
          "reference_sd": 0.19347956500522454,
          "wasserstein": 0.002316501038172073
        },
        "theta2": {
          "normalized_wasserstein": 0.011790359317061355,
          "reference_sd": 0.3788636466214897,
          "wasserstein": 0.004466938525839521
        }
      }
    }
  },
  "npe": {
    "ensemble_summary": "/Users/ioannism/repos/npe/runs/03_stress_banana/03_population_npe/01_flow2_residual_full_prior_512k_ensemble4/results/banana_population_ensemble_summary.json",
    "members": 4,
    "posterior_samples": 80000,
    "to_exact": {
      "mean_normalized_wasserstein": 0.0102544692826648,
      "parameters": {
        "theta1": {
          "normalized_wasserstein": 0.010342984169324722,
          "reference_sd": 0.19347956500522454,
          "wasserstein": 0.002001156077936871
        },
        "theta2": {
          "normalized_wasserstein": 0.010165954396004878,
          "reference_sd": 0.3788636466214897,
          "wasserstein": 0.003851510553858172
        }
      }
    }
  },
  "outputs": {
    "figure": "/Users/ioannism/repos/npe/runs/00_shared_assets/readme_banana_posteriors/banana_population_prior_signal_corner.png",
    "summary": "/Users/ioannism/repos/npe/runs/00_shared_assets/readme_banana_posteriors/banana_population_prior_signal_summary.json"
  },
  "signal": {
    "context": [
      1.3665213947952952,
      -0.04730125523615614,
      -0.8060987248177875,
      1.167380722433279
    ],
    "draw_index": 1,
    "seed": 20260707,
    "theta": [
      1.419305581818135,
      -1.1749083786281884
    ],
    "x": [
      1.3665213947952952,
      -0.04730125523615614
    ]
  }
}
