{
  "description": "Fresh full-prior Linear6 posterior check for the population-trained Flow2 residual NSF ensemble. The comparison is in the NLL target coordinates, including log_sigma.",
  "exact": {
    "posterior_samples": 80000
  },
  "npe": {
    "ensemble_summary": "/Users/ioannism/repos/npe/runs/05_stress_linear6/03_population_npe/01_flow2_residual_full_prior_512k_ensemble4/results/linear6_population_ensemble_summary.json",
    "members": 4,
    "posterior_samples": 80000,
    "to_exact": {
      "mean_normalized_wasserstein": 0.012181477250120615,
      "parameters": {
        "log_sigma": {
          "normalized_wasserstein": 0.01046643791827414,
          "reference_sd": 0.13243393689017965,
          "wasserstein": 0.0013861115787337007
        },
        "w1": {
          "normalized_wasserstein": 0.007490762635565103,
          "reference_sd": 0.06025965082151064,
          "wasserstein": 0.0004513907408059719
        },
        "w2": {
          "normalized_wasserstein": 0.009246676977310435,
          "reference_sd": 0.05997276505687184,
          "wasserstein": 0.0005545487859170246
        },
        "w3": {
          "normalized_wasserstein": 0.010935370361320161,
          "reference_sd": 0.06016702615301917,
          "wasserstein": 0.0006579487145225008
        },
        "w4": {
          "normalized_wasserstein": 0.014018273767972267,
          "reference_sd": 0.059918887806954486,
          "wasserstein": 0.0008399593731503033
        },
        "w5": {
          "normalized_wasserstein": 0.01569864309372854,
          "reference_sd": 0.060200345804285425,
          "wasserstein": 0.0009450637429005154
        },
        "w6": {
          "normalized_wasserstein": 0.01741417599667366,
          "reference_sd": 0.059600475042571856,
          "wasserstein": 0.0010378931618767024
        }
      }
    }
  },
  "outputs": {
    "figure": "/Users/ioannism/repos/npe/runs/00_shared_assets/readme_linear6_posteriors/linear6_population_prior_signal_corner.png",
    "summary": "/Users/ioannism/repos/npe/runs/00_shared_assets/readme_linear6_posteriors/linear6_population_prior_signal_summary.json"
  },
  "signal": {
    "context": [
      1.9175225890361667,
      -0.2434831858207543,
      -0.003617157983619175,
      -0.48194023024221677,
      -0.19198148107769875,
      0.4995522510628636,
      -1.196572085254449
    ],
    "draw_index": 1,
    "seed": 20260707,
    "x": [
      0.0008562296377819245,
      -0.7464335260325499,
      -0.9803574665480791,
      -0.8524240619895235,
      -0.8101851154339752,
      -1.441606441762761,
      -1.687398148472376,
      -2.0363597896900183,
      -1.978840228771521,
      -2.7336788841059176,
      -2.9860159575049963,
      -2.599740359890326,
      -2.8929082603919,
      -2.90085499841402,
      -1.9403362939869935,
      -1.6167615851555712,
      -1.3093132702057142,
      -1.9070080257629498,
      -1.8833016787248007,
      -2.1850500740527714,
      -2.451923190118119,
      -3.015237869303447,
      -3.042348924295027,
      -2.9598888938220203,
      -2.4098714487654402,
      -2.855639278758739,
      -2.0956436044916216,
      -2.453459971070229,
      -1.3914420473671485,
      -1.3650429021544324,
      -1.2583795461455682,
      -0.5741272356066021
    ],
    "z": [
      1.8974215688538723,
      -0.25246132827622403,
      0.002479035417971716,
      -0.4968282279581138,
      -0.11558643641581381,
      0.47488783938458157,
      -1.228426634285451
    ]
  }
}
