{
  "description": "Full-prior ordered two-exponential population NPE using the single-decay Flow2 residual NSF/randperm training recipe, with invertible ridge target (log(A1 + A2), log(A1/A2), log k1, log Delta k, log sigma).",
  "device": "mps",
  "evaluation": {
    "best_individual_nll": -3.1629867383241654,
    "ensemble_gap_to_floor": 0.11682838301172938,
    "ensemble_nll": {
      "max": 12.374370574951172,
      "mean": -3.1629867383241654,
      "median": -3.2256617546081543,
      "min": -11.164631843566895,
      "n": 10000,
      "q01": -8.743650093078614,
      "q05": -7.100941133499146,
      "q95": 0.8912240028381317,
      "q99": 3.2180233812332166,
      "std": 2.4432954164757885,
      "std_error": 0.024432954164757884
    },
    "evaluation_seconds": 49.1833987919963,
    "floor": {
      "coordinate_target": "(log(A1 + A2), log(A1/A2), log k1, log Delta k, log sigma)",
      "diagnostics": {
        "ess_mean": 88.45557202441753,
        "ess_median": 48.467805095692576,
        "ess_min": 1.2728671247120529,
        "ess_q05": 4.698477764742155,
        "floor_method": "importance",
        "importance_batch_size": 16.0,
        "importance_samples": 8192.0,
        "log_weight_std_mean": 201367236626.91486,
        "log_weight_std_q95": 555940.1455632324,
        "prior_mixture": 0.020000000000000004,
        "proposal_inflation": 1.0,
        "relative_ess_mean": 0.010797799319386906,
        "relative_ess_q05": 0.0005735446490163764
      },
      "estimate": -3.2798151213358944,
      "method": "Ordered two-exponential ridge-coordinate posterior with raw-coordinate evidence estimated by Gaussian-mixture importance sampling around the profile fit and validation draw, 8192 samples per signal.",
      "standard_error": 0.02424658850162358,
      "summary": {
        "max": 11.560284769099994,
        "mean": -3.2798151213358944,
        "median": -3.324660325915219,
        "min": -12.066817514983097,
        "n": 10000,
        "q01": -8.856155845077557,
        "q05": -7.224561142560585,
        "q95": 0.7462419947873539,
        "q99": 2.9661054712922335,
        "std": 2.424658850162358,
        "std_error": 0.02424658850162358
      }
    },
    "gap_z_score": 22.2105940997367,
    "individual_nll": [
      {
        "max": 12.374370574951172,
        "mean": -3.1629867383241654,
        "median": -3.2256617546081543,
        "min": -11.164631843566895,
        "n": 10000,
        "q01": -8.743650093078614,
        "q05": -7.100941133499146,
        "q95": 0.8912240028381317,
        "q99": 3.2180233812332166,
        "std": 2.4432954164757885,
        "std_error": 0.024432954164757884
      }
    ],
    "paired_gap_standard_error": 0.005260029627623258,
    "paired_gap_summary": {
      "max": 10.958604872293332,
      "mean": 0.11682838301172938,
      "median": 0.07188681914985029,
      "min": -3.508605157893939,
      "n": 10000,
      "q01": -1.0852206472339434,
      "q05": -0.5616551721662324,
      "q95": 0.9131817010070534,
      "q99": 1.6796308482845121,
      "std": 0.5260029627623258,
      "std_error": 0.005260029627623258
    },
    "validation_examples": 10000,
    "validation_seed": 20260705
  },
  "kind": "two_exp_population_flow2_residual_nsf_ensemble",
  "members": [
    {
      "member_summary": {
        "best_val_nll_standardized": null,
        "best_val_nll_target_units": null,
        "config": {
          "adam_beta1": 0.9,
          "adam_beta2": 0.999,
          "adam_eps": 1e-08,
          "batch_size": 512,
          "batching_mode": "pre_shuffle",
          "context_features": "raw",
          "ema_decay": 0.0,
          "epochs": 30,
          "families": [
            "spline_flow"
          ],
          "flow_activation": "relu",
          "flow_context_dim": 64,
          "flow_kind": "nsf",
          "flow_layers": 2,
          "flow_passes": 0,
          "flow_randperm": true,
          "flow_residual": true,
          "grad_clip_norm": 20.0,
          "hidden_dim": 80,
          "hidden_layers": 2,
          "learning_rate": 0.00325,
          "loss_tail_weight": 4.0,
          "loss_weight_mode": "two_exp_high_snr",
          "lr_decay_epochs": 0,
          "lr_eta_min": 0.0,
          "lr_schedule": "cosine_step",
          "lr_warmup_steps": 500,
          "max_optimizer_steps": 0,
          "mdn_components": 5,
          "observed_seed": 20261103,
          "posterior_samples": 0,
          "progress_jsonl": "runs/06_two_exponential/03_population_npe/20_flow2_high_snr_weighted_full_prior_512k_single_e30_probe/member_01_seed20261103/results/training_progress.jsonl",
          "progress_nll_offset": -2.8029698133378615,
          "reference_grid_size": 0,
          "requested_device": "auto",
          "seed": 20261103,
          "skip_training_validation": true,
          "spline_bins": 8,
          "target_ridge": 0.001,
          "target_transform": "none",
          "torch_compile": "none",
          "train_sampler": "random",
          "train_simulations": 524288,
          "val_simulations": 65536,
          "validation_every_epochs": 1,
          "weight_decay": 0.0002
        },
        "data_seconds": 23.57984675001353,
        "epochs_completed": 30,
        "final_train_nll_standardized": -1.362158568639638,
        "final_train_nll_target_units": -4.1651283819775,
        "final_val_nll_standardized": null,
        "final_val_nll_target_units": null,
        "history": {
          "epoch_seconds": [
            9.259405166987563,
            9.145480292005232,
            8.863133375009056,
            8.904116999998223,
            9.233569375006482,
            9.3309525839868,
            9.01639087498188,
            9.18436070799362,
            9.00589187501464,
            9.365736375009874,
            9.047707916994113,
            9.49988374998793,
            9.521807249984704,
            9.222518041991862,
            9.039645499986364,
            9.083752999984426,
            9.091529500001343,
            9.596066208003322,
            9.455873582977802,
            9.148601416993188,
            9.280336666008225,
            9.026317707990529,
            9.066743750008754,
            9.124827708990779,
            9.707950209005503,
            9.387908875010908,
            9.112369332986418,
            9.076104874984594,
            8.906448499998078,
            9.216210542013869
          ],
          "lr": [
            6.5e-06,
            0.003247589598587167,
            0.0032290038989336474,
            0.0031922586110416607,
            0.0031377697434372773,
            0.0030661541870145403,
            0.002978222730959806,
            0.002874970883473658,
            0.0027575676012129087,
            0.0026273420550512305,
            0.002485768581988665,
            0.0023344499935757305,
            0.0021750994298242858,
            0.0020095209640443768,
            0.0018395891781879078,
            0.0016672279399348926,
            0.0014943886217957413,
            0.0013230280088199792,
            0.0011550861450274493,
            0.0009924643693715672,
            0.0008370037898985715,
            0.0006904644398056486,
            0.0005545053513808091,
            0.00043066577341560033,
            0.0003203477447360937,
            0.00022480022114435008,
            0.0001451049354757984,
            8.216415085663675e-05,
            3.669044581167565e-05,
            9.198646869605677e-06
          ],